scorer,,,Hamila Mailee,Hamila Mailee,Hamila Mailee,Hamila Mailee,Hamila Mailee,Hamila Mailee,Hamila Mailee,Hamila Mailee,Hamila Mailee,Hamila Mailee,Hamila Mailee,Hamila Mailee,Hamila Mailee,Hamila Mailee,Hamila Mailee,Hamila Mailee,Hamila Mailee,Hamila Mailee,Hamila Mailee,Hamila Mailee,Hamila Mailee,Hamila Mailee,Hamila Mailee,Hamila Mailee,Hamila Mailee,Hamila Mailee,Hamila Mailee,Hamila Mailee,Hamila Mailee,Hamila Mailee,Hamila Mailee,Hamila Mailee
bodyparts,,,earr,earr,earl,earl,eyer,eyer,eyel,eyel,nose,nose,throat,throat,elbowr,elbowr,elbowl,elbowl,handr,handr,handl,handl,tailbase,tailbase,tailtip,tailtip,kneer,kneer,kneel,kneel,ankler,ankler,anklel,anklel
coords,,,x,y,x,y,x,y,x,y,x,y,x,y,x,y,x,y,x,y,x,y,x,y,x,y,x,y,x,y,x,y,x,y
labeled-data,00048,img09.png,,,98.93997913025524,68.67390495788064,,,60.00112005852486,73.12406028036412,42.20049876859099,80.17013954096294,72.60989347222804,93.89145178528697,71.12650836473355,125.78423159641852,81.88105039406861,133.94284968763822,56.29265728978865,138.7638512869953,71.8682009184808,148.40585448570954,180.89700631932584,103.90430126087479,228.73617603602315,115.40053584395709,177.86351417173546,161.33582029159174,194.61986882267615,148.9970351263469,173.10923450497978,182.15286568120914,209.82301591546837,168.4315534368851
labeled-data,00048,img17.png,,,86.25641787742859,64.75671956945973,,,59.47341340584262,96.00355811964334,43.647092581723655,111.01827274765367,74.48812803385295,110.20666655154501,120.74968121204691,155.25081043557594,108.57558827041692,168.2365095733146,133.73538034978557,153.22179494530428,100.45952630933024,185.2802396915966,171.88087156689286,65.16252266751405,214.89599996065212,67.19153815778571,182.2740360583089,111.01827274765368,163.13394537381973,107.54678682928683,194.6058450579355,130.49682145426164,173.09828086105583,137.80127721923964
