scorer,,,Hamila Mailee,Hamila Mailee,Hamila Mailee,Hamila Mailee,Hamila Mailee,Hamila Mailee,Hamila Mailee,Hamila Mailee,Hamila Mailee,Hamila Mailee,Hamila Mailee,Hamila Mailee,Hamila Mailee,Hamila Mailee,Hamila Mailee,Hamila Mailee,Hamila Mailee,Hamila Mailee,Hamila Mailee,Hamila Mailee,Hamila Mailee,Hamila Mailee,Hamila Mailee,Hamila Mailee,Hamila Mailee,Hamila Mailee,Hamila Mailee,Hamila Mailee,Hamila Mailee,Hamila Mailee,Hamila Mailee,Hamila Mailee
bodyparts,,,earr,earr,earl,earl,eyer,eyer,eyel,eyel,nose,nose,throat,throat,elbowr,elbowr,elbowl,elbowl,handr,handr,handl,handl,tailbase,tailbase,tailtip,tailtip,kneer,kneer,kneel,kneel,ankler,ankler,anklel,anklel
coords,,,x,y,x,y,x,y,x,y,x,y,x,y,x,y,x,y,x,y,x,y,x,y,x,y,x,y,x,y,x,y,x,y
labeled-data,00031,img01.png,193.42151341899557,106.75747039131613,196.56554775730504,107.80548183741928,202.85361643392395,122.47764208286338,,,214.38174234105858,125.27233927247178,189.57880478328403,132.6084193951938,183.2907361066651,147.280579640638,200.4082563930166,138.89648807181274,205.64831362353235,170.6861686036083,223.11517105858485,143.08853385622535,103.84795358071271,89.00158737807827,56.526085473262825,56.09810095961703,102.73884729694433,120.42626541818171,,,80.98281895093453,124.53371835044251,78.36983974002266,105.71024221236259
labeled-data,00031,img02.png,177.64421217972773,114.74327061459319,182.07437117760475,116.3254702566921,187.45384996074114,128.66662746506375,,,200.1114470975325,129.93238717874289,177.01133232288817,142.2735443871145,152.19686115633647,161.03592568752924,175.63221427098986,152.24766826953422,157.46981560713346,181.83480157678414,196.43109016024476,157.52062272033126,101.301317097368,87.0022979788419,60.190199408036705,42.23779711468555,113.06073200292661,135.83822148637952,,,102.4546779750862,144.81994589031433,91.70198654600993,126.73587394141335
