scorer,,,Hamila Mailee,Hamila Mailee,Hamila Mailee,Hamila Mailee,Hamila Mailee,Hamila Mailee,Hamila Mailee,Hamila Mailee,Hamila Mailee,Hamila Mailee,Hamila Mailee,Hamila Mailee,Hamila Mailee,Hamila Mailee,Hamila Mailee,Hamila Mailee,Hamila Mailee,Hamila Mailee,Hamila Mailee,Hamila Mailee,Hamila Mailee,Hamila Mailee,Hamila Mailee,Hamila Mailee,Hamila Mailee,Hamila Mailee,Hamila Mailee,Hamila Mailee,Hamila Mailee,Hamila Mailee,Hamila Mailee,Hamila Mailee
bodyparts,,,earr,earr,earl,earl,eyer,eyer,eyel,eyel,nose,nose,throat,throat,elbowr,elbowr,elbowl,elbowl,handr,handr,handl,handl,tailbase,tailbase,tailtip,tailtip,kneer,kneer,kneel,kneel,ankler,ankler,anklel,anklel
coords,,,x,y,x,y,x,y,x,y,x,y,x,y,x,y,x,y,x,y,x,y,x,y,x,y,x,y,x,y,x,y,x,y
labeled-data,00002,img11.png,138.62388907437946,82.1143193320506,151.45067191547452,78.21051585867384,155.91216159933367,96.33531769935163,,,184.35415833393574,104.14292464610516,146.98918223161536,142.06558695890794,132.2104976538319,151.26740943186743,147.54686844209778,154.0558404842794,126.63363554900799,161.8634474310329,152.28720123119808,164.3730353782037,82.29758181565767,129.79649032829528,74.21113176366295,123.10425580250654,105.7204026559182,155.1712129052442,90.66287497289358,151.54625253710864,108.22999060308898,167.44030953585687,81.46105249993407,155.45005601048538
labeled-data,00002,img15.png,136.52084615034528,83.56806316162269,148.86513642731512,78.63034705083476,154.42006705195155,95.91235343859253,,,183.7377564597549,98.998426007835,147.63070739961813,142.5120492341537,134.97780986572405,155.78216128189626,,,138.68109694881497,165.9662007603964,122.6335195887542,160.1026628788357,80.97153990398097,125.53865010332015,64.92396254392017,132.32800975565357,88.68672132708711,152.69608871265382,102.88265514560244,155.16494676804777,79.42850361935973,155.78216128189626,104.11708417329943,164.7317717326994
