scorer,,,Hamila Mailee,Hamila Mailee,Hamila Mailee,Hamila Mailee,Hamila Mailee,Hamila Mailee,Hamila Mailee,Hamila Mailee,Hamila Mailee,Hamila Mailee,Hamila Mailee,Hamila Mailee,Hamila Mailee,Hamila Mailee,Hamila Mailee,Hamila Mailee,Hamila Mailee,Hamila Mailee,Hamila Mailee,Hamila Mailee,Hamila Mailee,Hamila Mailee,Hamila Mailee,Hamila Mailee,Hamila Mailee,Hamila Mailee,Hamila Mailee,Hamila Mailee,Hamila Mailee,Hamila Mailee,Hamila Mailee,Hamila Mailee
bodyparts,,,earr,earr,earl,earl,eyer,eyer,eyel,eyel,nose,nose,throat,throat,elbowr,elbowr,elbowl,elbowl,handr,handr,handl,handl,tailbase,tailbase,tailtip,tailtip,kneer,kneer,kneel,kneel,ankler,ankler,anklel,anklel
coords,,,x,y,x,y,x,y,x,y,x,y,x,y,x,y,x,y,x,y,x,y,x,y,x,y,x,y,x,y,x,y,x,y
labeled-data,00027,img05.png,151.66042106728577,66.87076570100689,,,164.81930917979167,76.73993178538632,,,176.33333627823436,82.77108883695155,153.305282081349,110.18543907133889,157.14329111416322,182.01103668543377,149.46727304853476,178.17302765261954,154.95014309541222,217.6496919901373,142.33954198759403,212.16682194325986,100.66972963132525,115.66830911821637,92.9937115656968,109.08886506196342,102.3145906453885,167.2072875588646,120.95634880477189,168.85214857292783,95.1868595844478,211.6185349385721,114.376904748519,216.55311798076184
labeled-data,00027,img12.png,153.34544410444232,63.28849339252207,,,166.5826589319036,72.45271904230299,,,178.80162646494483,75.5074609255633,153.85456775165233,108.60049799421657,150.29070222118202,185.98729237014427,162.50966975422324,174.2774484843131,148.25420763234177,220.60770038042776,155.3819386932825,203.297496375286,100.39658479459702,117.76472364399748,93.77797738086637,111.65523987747687,116.17941785810861,167.65884107058247,108.54256314995784,170.2044593066327,105.9969449139076,215.00734026111718,95.3053483224965,217.55295849716742
