scorer,,,Hamila Mailee,Hamila Mailee,Hamila Mailee,Hamila Mailee,Hamila Mailee,Hamila Mailee,Hamila Mailee,Hamila Mailee,Hamila Mailee,Hamila Mailee,Hamila Mailee,Hamila Mailee,Hamila Mailee,Hamila Mailee,Hamila Mailee,Hamila Mailee,Hamila Mailee,Hamila Mailee,Hamila Mailee,Hamila Mailee,Hamila Mailee,Hamila Mailee,Hamila Mailee,Hamila Mailee,Hamila Mailee,Hamila Mailee,Hamila Mailee,Hamila Mailee,Hamila Mailee,Hamila Mailee,Hamila Mailee,Hamila Mailee
bodyparts,,,earr,earr,earl,earl,eyer,eyer,eyel,eyel,nose,nose,throat,throat,elbowr,elbowr,elbowl,elbowl,handr,handr,handl,handl,tailbase,tailbase,tailtip,tailtip,kneer,kneer,kneel,kneel,ankler,ankler,anklel,anklel
coords,,,x,y,x,y,x,y,x,y,x,y,x,y,x,y,x,y,x,y,x,y,x,y,x,y,x,y,x,y,x,y,x,y
labeled-data,00004,img00.png,102.40036818910397,62.79895142405081,109.271187624991,69.26560501076801,,,81.01247540338454,90.45611447479985,62.06740683117579,97.69467783740251,84.79468644263247,135.71916487964728,95.2842001094586,178.114282616403,121.50798427652396,186.8555440054248,92.66182169275206,193.41149004719114,125.87861497103486,206.08631906127272,172.20730033285037,130.91147111568532,182.25975093022544,115.61426368489717,168.27373270779054,180.29959796365844,152.10239913810022,181.61078717201167,172.64436340230145,197.34505767225093,148.16883151304043,203.0268775751151
labeled-data,00004,img07.png,102.48410923823067,60.312861491366675,106.29078758506276,67.92621818503082,,,81.3358962002747,90.76628826602325,61.879540205355255,97.53371643816917,83.0277532433112,135.17753564573076,98.25446663063948,181.70360432923385,118.5567511470772,185.0873184153068,97.40853810912125,196.0843891950439,120.67157245087279,204.5436744102263,169.73542669893058,128.41010747358484,179.04064043563122,111.49153704322009,167.1976411343759,182.5495328507521,154.93167757236142,182.5495328507521,166.77467687361676,197.35328197732127,153.23982052932496,202.00588884567156
