scorer,,,Hamila Mailee,Hamila Mailee,Hamila Mailee,Hamila Mailee,Hamila Mailee,Hamila Mailee,Hamila Mailee,Hamila Mailee,Hamila Mailee,Hamila Mailee,Hamila Mailee,Hamila Mailee,Hamila Mailee,Hamila Mailee,Hamila Mailee,Hamila Mailee,Hamila Mailee,Hamila Mailee,Hamila Mailee,Hamila Mailee,Hamila Mailee,Hamila Mailee,Hamila Mailee,Hamila Mailee,Hamila Mailee,Hamila Mailee,Hamila Mailee,Hamila Mailee,Hamila Mailee,Hamila Mailee,Hamila Mailee,Hamila Mailee
bodyparts,,,earr,earr,earl,earl,eyer,eyer,eyel,eyel,nose,nose,throat,throat,elbowr,elbowr,elbowl,elbowl,handr,handr,handl,handl,tailbase,tailbase,tailtip,tailtip,kneer,kneer,kneel,kneel,ankler,ankler,anklel,anklel
coords,,,x,y,x,y,x,y,x,y,x,y,x,y,x,y,x,y,x,y,x,y,x,y,x,y,x,y,x,y,x,y,x,y
labeled-data,00049,img03.png,,,74.36686054138437,31.752160858602537,,,70.22067757699404,67.51298892646918,70.22067757699404,99.64590690049431,107.39889835341313,104.27843043921575,109.33280089283745,180.24721737246952,112.15670409952267,180.54207055981985,105.98150564486065,222.47657722055806,131.3768763017515,204.33702675135032,176.98488891004519,95.49972393610398,184.24070909772826,129.18746052177548,180.61279900388672,171.68583590677645,161.95497566413025,171.68583590677645,184.24070909772826,222.47657722055806,150.55297251205678,212.62939268013102
labeled-data,00049,img16.png,,,74.06423516080304,33.930745947673984,,,70.4363250669615,67.10020966279666,70.43632506696156,97.6783090251754,110.00411814620446,98.56823369934676,107.07703608214999,180.4172595095869,110.49368538711676,180.64523877815677,104.23641439576963,222.11010814564105,127.47206144840874,202.67259570737565,178.00028995394842,93.0899222728491,185.48548768304863,132.38721035062497,161.78236154089808,169.8131989961258,179.24782290879847,176.05086377037594,151.80209790209784,211.60555298360174,180.4953558636485,224.080882532102
