scorer,,,Hamila Mailee,Hamila Mailee,Hamila Mailee,Hamila Mailee,Hamila Mailee,Hamila Mailee,Hamila Mailee,Hamila Mailee,Hamila Mailee,Hamila Mailee,Hamila Mailee,Hamila Mailee,Hamila Mailee,Hamila Mailee,Hamila Mailee,Hamila Mailee,Hamila Mailee,Hamila Mailee,Hamila Mailee,Hamila Mailee,Hamila Mailee,Hamila Mailee,Hamila Mailee,Hamila Mailee,Hamila Mailee,Hamila Mailee,Hamila Mailee,Hamila Mailee,Hamila Mailee,Hamila Mailee,Hamila Mailee,Hamila Mailee
bodyparts,,,earr,earr,earl,earl,eyer,eyer,eyel,eyel,nose,nose,throat,throat,elbowr,elbowr,elbowl,elbowl,handr,handr,handl,handl,tailbase,tailbase,tailtip,tailtip,kneer,kneer,kneel,kneel,ankler,ankler,anklel,anklel
coords,,,x,y,x,y,x,y,x,y,x,y,x,y,x,y,x,y,x,y,x,y,x,y,x,y,x,y,x,y,x,y,x,y
labeled-data,00008,img05.png,61.556648113791,57.12770562770564,106.51892393320969,55.86116264687695,64.0897340754484,71.0596784168213,84.35442176870754,68.52659245516392,72.95553494124925,77.39239332096477,110.95182436611015,91.32436611008043,74.8553494124923,159.0844155844156,130.58324056895492,169.21675943104518,38.12560296846013,197.71397649969083,131.84978354978358,224.31137909709344,207.20909090909095,167.9502164502165,216.0748917748918,172.3831168831169,,,166.04644403215838,205.94650587507732,198.3432900432901,223.04483611626472,179.34514533085968,223.04483611626472
labeled-data,00008,img15.png,56.490476190476215,64.09369202226347,101.45275200989488,60.2940630797774,61.556648113791,77.39239332096477,78.02170686456407,76.12585034013608,71.05572047000621,83.72510822510824,110.31855287569579,96.39053803339519,108.41873840445271,171.11657390228822,83.08787878787882,162.25077303648735,97.01985157699448,212.2792207792208,51.42430426716143,201.51360544217692,206.5758194186766,164.1505875077304,214.17507730364878,169.85003092145953,,,181.2449598021027,210.37940630797777,,,198.3432900432901,226.21119356833645
