scorer,,,Hamila Mailee,Hamila Mailee,Hamila Mailee,Hamila Mailee,Hamila Mailee,Hamila Mailee,Hamila Mailee,Hamila Mailee,Hamila Mailee,Hamila Mailee,Hamila Mailee,Hamila Mailee,Hamila Mailee,Hamila Mailee,Hamila Mailee,Hamila Mailee,Hamila Mailee,Hamila Mailee,Hamila Mailee,Hamila Mailee,Hamila Mailee,Hamila Mailee,Hamila Mailee,Hamila Mailee,Hamila Mailee,Hamila Mailee,Hamila Mailee,Hamila Mailee,Hamila Mailee,Hamila Mailee,Hamila Mailee,Hamila Mailee
bodyparts,,,earr,earr,earl,earl,eyer,eyer,eyel,eyel,nose,nose,throat,throat,elbowr,elbowr,elbowl,elbowl,handr,handr,handl,handl,tailbase,tailbase,tailtip,tailtip,kneer,kneer,kneel,kneel,ankler,ankler,anklel,anklel
coords,,,x,y,x,y,x,y,x,y,x,y,x,y,x,y,x,y,x,y,x,y,x,y,x,y,x,y,x,y,x,y,x,y
labeled-data,00054,img07.png,,,87.55415072732143,94.96122170512413,,,69.46492288199602,110.55538364074948,43.890497307570456,134.2585097829,86.30661777247138,118.66434784727466,74.45505470139608,186.03112740917618,115.62364221144702,190.39749275115128,47.63309617212053,227.8234813966521,73.83128822397111,200.3777563899515,170.51509222484827,156.7141029702005,219.7926439414244,230.9423137837772,182.99042177334854,192.2687921834263,151.80209790209784,202.24905582222652,192.34691893472376,225.95218196437708,138.70300187617255,232.1898467386272
labeled-data,00054,img11.png,,,85.68285129504636,94.33745522769911,,,68.841156404571,113.67421602787454,43.266730830145434,139.87240807972515,83.18778538534633,120.53564727954969,119.99000755342212,178.545929680076,75.70258765624612,179.16969615750102,81.94025243049629,200.37775638995151,45.761796739845465,220.33828366755193,169.89132574742325,157.96163592505053,219.7926439414244,230.9423137837772,137.4554689213225,196.01139104797642,186.1092541604736,195.3876245705514,131.2178041470724,230.94231378377717,181.7428888184985,231.5660802612022
