scorer,,,Hamila Mailee,Hamila Mailee,Hamila Mailee,Hamila Mailee,Hamila Mailee,Hamila Mailee,Hamila Mailee,Hamila Mailee,Hamila Mailee,Hamila Mailee,Hamila Mailee,Hamila Mailee,Hamila Mailee,Hamila Mailee,Hamila Mailee,Hamila Mailee,Hamila Mailee,Hamila Mailee,Hamila Mailee,Hamila Mailee,Hamila Mailee,Hamila Mailee,Hamila Mailee,Hamila Mailee,Hamila Mailee,Hamila Mailee,Hamila Mailee,Hamila Mailee,Hamila Mailee,Hamila Mailee,Hamila Mailee,Hamila Mailee
bodyparts,,,earr,earr,earl,earl,eyer,eyer,eyel,eyel,nose,nose,throat,throat,elbowr,elbowr,elbowl,elbowl,handr,handr,handl,handl,tailbase,tailbase,tailtip,tailtip,kneer,kneer,kneel,kneel,ankler,ankler,anklel,anklel
coords,,,x,y,x,y,x,y,x,y,x,y,x,y,x,y,x,y,x,y,x,y,x,y,x,y,x,y,x,y,x,y,x,y
labeled-data,00072,img02.png,73.20752174654609,108.68408420847445,125.60390585024726,88.09979045344897,,,100.0294802758217,144.86253989912524,65.09855754002092,179.16969615750102,106.89091152749683,198.50645695767645,93.16804902414651,209.1104870739017,127.47520528252232,217.21945128042688,93.79181550157153,217.21945128042688,125.60390585024726,225.32841548695205,191.09938597987372,133.63474330547498,213.55497916717422,106.81278477619941,151.17833142467288,209.1104870739017,176.12899052167342,208.4867205964767,151.17833142467282,217.21945128042688,184.8617212056236,217.8432177578519
labeled-data,00072,img18.png,71.9599887916961,108.06031773104942,124.98013937282224,89.34732340829899,,,100.0294802758217,146.11007285397525,63.851024585170876,179.169696157501,104.3958456177968,200.37775638995154,106.89091152749683,211.60555298360174,118.11870812114711,218.4669842352769,,,118.11870812114711,226.57594844180207,191.09938597987372,132.38721035062497,212.93121268974926,104.94148534392434,152.03007717066768,205.75732239592264,174.25769108939835,205.99165468677663,150.72237288753314,211.48521032703266,176.12899052167342,220.96205014497696
