scorer,,,Hamila Mailee,Hamila Mailee,Hamila Mailee,Hamila Mailee,Hamila Mailee,Hamila Mailee,Hamila Mailee,Hamila Mailee,Hamila Mailee,Hamila Mailee,Hamila Mailee,Hamila Mailee,Hamila Mailee,Hamila Mailee,Hamila Mailee,Hamila Mailee,Hamila Mailee,Hamila Mailee,Hamila Mailee,Hamila Mailee,Hamila Mailee,Hamila Mailee,Hamila Mailee,Hamila Mailee,Hamila Mailee,Hamila Mailee,Hamila Mailee,Hamila Mailee,Hamila Mailee,Hamila Mailee,Hamila Mailee,Hamila Mailee
bodyparts,,,earr,earr,earl,earl,eyer,eyer,eyel,eyel,nose,nose,throat,throat,elbowr,elbowr,elbowl,elbowl,handr,handr,handl,handl,tailbase,tailbase,tailtip,tailtip,kneer,kneer,kneel,kneel,ankler,ankler,anklel,anklel
coords,,,x,y,x,y,x,y,x,y,x,y,x,y,x,y,x,y,x,y,x,y,x,y,x,y,x,y,x,y,x,y,x,y
labeled-data,00022,img08.png,128.68342609771184,15.33178726035868,119.18435374149664,7.732529375386548,,,114.11818181818188,26.097402597402606,104.61910946196662,40.66264687693263,155.28082869511445,110.32251082251085,155.9141001855288,192.0145330859617,160.3470006184292,198.34724799010516,153.38101422387143,239.50989486703776,159.7137291280149,244.57606679035254,197.07674706246138,138.8197278911565,202.7761904761905,197.08070500927647,185.0445887445888,201.51360544217692,194.543661100804,204.0466914038343,175.54551638837358,240.77643784786645,189.4774891774892,243.9427952999382
labeled-data,00022,img19.png,133.1163265306123,14.698515769944379,123.61725417439709,5.832714904143472,,,122.35071119356837,24.197588126159587,116.65126777983926,44.46227581941869,157.81391465677183,112.85559678416823,154.01428571428573,198.98051948051952,159.08045763760055,199.61379097093385,150.21465677179964,243.30952380952385,157.81391465677183,244.57606679035254,198.3432900432901,135.65337043908477,210.37544836116268,193.28107606679038,184.41131725417443,211.64594928880646,192.64384662956098,214.17903525046387,177.4453308596166,242.04298082869514,190.11076066790355,244.57606679035254
