scorer,,,Hamila Mailee,Hamila Mailee,Hamila Mailee,Hamila Mailee,Hamila Mailee,Hamila Mailee,Hamila Mailee,Hamila Mailee,Hamila Mailee,Hamila Mailee,Hamila Mailee,Hamila Mailee,Hamila Mailee,Hamila Mailee,Hamila Mailee,Hamila Mailee,Hamila Mailee,Hamila Mailee,Hamila Mailee,Hamila Mailee,Hamila Mailee,Hamila Mailee,Hamila Mailee,Hamila Mailee,Hamila Mailee,Hamila Mailee,Hamila Mailee,Hamila Mailee,Hamila Mailee,Hamila Mailee,Hamila Mailee,Hamila Mailee
bodyparts,,,earr,earr,earl,earl,eyer,eyer,eyel,eyel,nose,nose,throat,throat,elbowr,elbowr,elbowl,elbowl,handr,handr,handl,handl,tailbase,tailbase,tailtip,tailtip,kneer,kneer,kneel,kneel,ankler,ankler,anklel,anklel
coords,,,x,y,x,y,x,y,x,y,x,y,x,y,x,y,x,y,x,y,x,y,x,y,x,y,x,y,x,y,x,y,x,y
labeled-data,00070,img01.png,191.09938597987372,62.525364879023414,,,196.71328427669886,101.82265295679929,,,220.4164104188494,113.67421602787454,189.2280865475987,126.14954557637483,178.00028995394842,205.99165468677663,161.15859506347306,197.88269048025143,182.99042177334854,232.1898467386272,152.42586437952286,222.833349577252,60.1084257206208,116.79304841499962,23.306203552544957,30.089508052922668,60.73219219804582,207.86295411905166,83.81155186277135,206.61542116420162,63.227258107745854,242.17011037742742,99.40571379839668,237.17997855802733
labeled-data,00070,img08.png,202.95094905094902,73.12939499524865,,,204.198482005799,102.44641943422431,,,221.66394337369945,111.8029165955995,200.455883141249,126.77331205379983,187.35678711532364,186.03112740917618,157.41599619892298,209.7342535513267,202.327182573524,207.86295411905166,160.53482858604804,232.18984673862724,60.1084257206208,114.29798250529956,66.34609049487091,12.000280207597257,41.39543139787037,194.76385809312637,72.58375526912107,204.12035525450162,35.15776662362026,228.44724787407714,88.17791720474645,232.8136132160522
