scorer,,,Hamila Mailee,Hamila Mailee,Hamila Mailee,Hamila Mailee,Hamila Mailee,Hamila Mailee,Hamila Mailee,Hamila Mailee,Hamila Mailee,Hamila Mailee,Hamila Mailee,Hamila Mailee,Hamila Mailee,Hamila Mailee,Hamila Mailee,Hamila Mailee,Hamila Mailee,Hamila Mailee,Hamila Mailee,Hamila Mailee,Hamila Mailee,Hamila Mailee,Hamila Mailee,Hamila Mailee,Hamila Mailee,Hamila Mailee,Hamila Mailee,Hamila Mailee,Hamila Mailee,Hamila Mailee,Hamila Mailee,Hamila Mailee
bodyparts,,,earr,earr,earl,earl,eyer,eyer,eyel,eyel,nose,nose,throat,throat,elbowr,elbowr,elbowl,elbowl,handr,handr,handl,handl,tailbase,tailbase,tailtip,tailtip,kneer,kneer,kneel,kneel,ankler,ankler,anklel,anklel
coords,,,x,y,x,y,x,y,x,y,x,y,x,y,x,y,x,y,x,y,x,y,x,y,x,y,x,y,x,y,x,y,x,y
labeled-data,00065,img11.png,123.10883994054723,78.11952681464874,,,202.327182573524,69.38679613069854,,,207.31731439292412,177.922163202651,153.6733973343729,108.06031773104942,134.96040301162247,138.6248751248751,,,131.21780414707246,189.77372627372623,114.37610925659703,169.18943251870078,33.286467191345196,87.47602397602395,27.048802417095033,133.634743305475,37.65283253332029,159.20916887990057,75.70258765624612,153.59527058307543,33.91023366877022,188.5261933188762,79.44518652079626,175.42709729295092
labeled-data,00065,img18.png,127.47520528252232,83.10965863404886,,,202.95094905094902,70.63432908554859,,,211.68367973489921,181.04099558977606,146.81196608269772,111.1791501181745,121.86130698569718,141.11994103457516,149.93079846982283,139.24864160230013,108.76221095977189,187.90242684145122,155.54469676664792,179.79346263492602,30.167634804220086,94.33745522769911,26.42503593967001,141.11994103457516,33.286467191345196,156.09033649277552,63.227258107745854,159.8329353573256,13.325939913744719,179.79346263492602,68.841156404571,181.66476206720108
