scorer,,,Hamila Mailee,Hamila Mailee,Hamila Mailee,Hamila Mailee,Hamila Mailee,Hamila Mailee,Hamila Mailee,Hamila Mailee,Hamila Mailee,Hamila Mailee,Hamila Mailee,Hamila Mailee,Hamila Mailee,Hamila Mailee,Hamila Mailee,Hamila Mailee,Hamila Mailee,Hamila Mailee,Hamila Mailee,Hamila Mailee,Hamila Mailee,Hamila Mailee,Hamila Mailee,Hamila Mailee,Hamila Mailee,Hamila Mailee,Hamila Mailee,Hamila Mailee,Hamila Mailee,Hamila Mailee,Hamila Mailee,Hamila Mailee
bodyparts,,,earr,earr,earl,earl,eyer,eyer,eyel,eyel,nose,nose,throat,throat,elbowr,elbowr,elbowl,elbowl,handr,handr,handl,handl,tailbase,tailbase,tailtip,tailtip,kneer,kneer,kneel,kneel,ankler,ankler,anklel,anklel
coords,,,x,y,x,y,x,y,x,y,x,y,x,y,x,y,x,y,x,y,x,y,x,y,x,y,x,y,x,y,x,y,x,y
labeled-data,00064,img10.png,207.94108087034914,27.594442143222636,197.0556481427905,24.12907734054633,204.41639941665525,113.83823349077365,,,217.29771414591866,126.25950126542051,202.11616464357255,142.36114467699977,176.9150784348531,185.2158961377209,158.66860633305626,203.54738964100096,162.13135265950578,215.17300996165005,163.1055083425923,227.36833498587077,86.18433208020193,145.58147335931568,77.90348689710405,64.61320934680282,84.80419121635228,196.64668532175276,109.64672676564598,201.24715486791825,85.29534978477764,219.22009771177258,124.56306044999295,215.77382627903054
labeled-data,00064,img17.png,195.12719414237722,11.72758942556743,187.48640849100838,9.282538017129397,205.21303120218408,101.58322868566503,,,218.04955109648375,110.14090861519814,203.07361121980082,130.00695130875715,166.09220866717567,186.85439655494133,178.0118342833111,184.40934514650328,187.35678711532364,225.32841548695205,156.56671680864855,204.5133307190445,91.92051606929653,137.3773421700251,66.96985697229593,54.41640067249821,103.77207914037172,184.15982797690114,87.55415072732143,193.51632513827633,116.87117516629706,205.36788820935163,88.80168368217142,222.833349577252
