scorer,,,Hamila Mailee,Hamila Mailee,Hamila Mailee,Hamila Mailee,Hamila Mailee,Hamila Mailee,Hamila Mailee,Hamila Mailee,Hamila Mailee,Hamila Mailee,Hamila Mailee,Hamila Mailee,Hamila Mailee,Hamila Mailee,Hamila Mailee,Hamila Mailee,Hamila Mailee,Hamila Mailee,Hamila Mailee,Hamila Mailee,Hamila Mailee,Hamila Mailee,Hamila Mailee,Hamila Mailee,Hamila Mailee,Hamila Mailee,Hamila Mailee,Hamila Mailee,Hamila Mailee,Hamila Mailee,Hamila Mailee,Hamila Mailee
bodyparts,,,earr,earr,earl,earl,eyer,eyer,eyel,eyel,nose,nose,throat,throat,elbowr,elbowr,elbowl,elbowl,handr,handr,handl,handl,tailbase,tailbase,tailtip,tailtip,kneer,kneer,kneel,kneel,ankler,ankler,anklel,anklel
coords,,,x,y,x,y,x,y,x,y,x,y,x,y,x,y,x,y,x,y,x,y,x,y,x,y,x,y,x,y,x,y,x,y
labeled-data,00066,img06.png,80.52978725198477,26.976177565479105,87.6062637483929,24.764778660351567,,,84.51030528121436,71.20415566802998,80.52978725198477,87.12622778494833,96.89413914992858,119.85493158083597,,,93.35590090172451,152.1413555956981,73.61585997406695,181.42273927568735,68.58823316429604,173.37078508492255,158.37102871247433,112.33617530340231,208.7909237493823,60.58944092341778,149.08315331093863,150.8145162526216,155.71735002632127,142.85348019416242,172.0817019242651,160.9869512162083,178.71589863964775,163.64062990236133
labeled-data,00066,img08.png,103.33888623302599,77.56552199340612,111.44886874695078,80.03377754112236,,,95.2289037191012,113.88413933837367,84.29805772207214,119.17325836919419,106.89091152749683,156.0903364927755,,,129.34650471479733,150.07028552968424,112.53577662833729,172.58054814558773,139.67208437208038,184.18142521294368,160.5157566003704,134.54322549210795,202.88190400960085,140.98287989831096,,,138.65243987405822,130.2469561759091,125.78984954134728,178.0694074129113,126.28532448503911,160.96944240838206
