scorer,,,Hamila Mailee,Hamila Mailee,Hamila Mailee,Hamila Mailee,Hamila Mailee,Hamila Mailee,Hamila Mailee,Hamila Mailee,Hamila Mailee,Hamila Mailee,Hamila Mailee,Hamila Mailee,Hamila Mailee,Hamila Mailee,Hamila Mailee,Hamila Mailee,Hamila Mailee,Hamila Mailee,Hamila Mailee,Hamila Mailee,Hamila Mailee,Hamila Mailee,Hamila Mailee,Hamila Mailee,Hamila Mailee,Hamila Mailee,Hamila Mailee,Hamila Mailee,Hamila Mailee,Hamila Mailee,Hamila Mailee,Hamila Mailee
bodyparts,,,earr,earr,earl,earl,eyer,eyer,eyel,eyel,nose,nose,throat,throat,elbowr,elbowr,elbowl,elbowl,handr,handr,handl,handl,tailbase,tailbase,tailtip,tailtip,kneer,kneer,kneel,kneel,ankler,ankler,anklel,anklel
coords,,,x,y,x,y,x,y,x,y,x,y,x,y,x,y,x,y,x,y,x,y,x,y,x,y,x,y,x,y,x,y,x,y
labeled-data,00042,img00.png,138.7694201107666,79.11988901930596,162.55567690842014,77.74760497328748,157.52396873968576,85.98130924939832,161.64082087774113,85.98130924939832,169.874525153852,95.58729757152767,150.66254850959336,104.27842986297802,134.19513995737165,182.4986204860311,139.22684812610606,183.87090453204956,133.73771194203218,224.58199789726433,136.9397080494086,226.41170995862228,87.53748239274353,113.88441818510734,84.79291430070657,136.7558189520819,98.51575476089133,183.87090453204956,107.20688705234164,183.8709045320496,99.88803880690978,226.86913797396178,106.29203102166267,226.41170995862228
labeled-data,00042,img07.png,137.88565978592482,79.39677395667329,160.78212510168515,78.17017760047185,157.1023360330808,86.75635209388196,161.59985600581945,86.75635209388196,171.41262685543097,96.97798839556066,150.96935425207357,104.74643198483648,142.3551975397457,175.46762291806027,138.3229382538421,183.53214148986748,137.4268806347524,214.44612934846174,136.97885182520756,226.0948783966277,88.14371158481953,113.63964720087176,86.35159634664015,137.3851741067485,98.44837420435096,183.08411268032262,107.85697920479268,183.08411268032265,98.89640301389579,226.54290720617254,106.51289277615814,226.0948783966277
