scorer,,,Hamila Mailee,Hamila Mailee,Hamila Mailee,Hamila Mailee,Hamila Mailee,Hamila Mailee,Hamila Mailee,Hamila Mailee,Hamila Mailee,Hamila Mailee,Hamila Mailee,Hamila Mailee,Hamila Mailee,Hamila Mailee,Hamila Mailee,Hamila Mailee,Hamila Mailee,Hamila Mailee,Hamila Mailee,Hamila Mailee,Hamila Mailee,Hamila Mailee,Hamila Mailee,Hamila Mailee,Hamila Mailee,Hamila Mailee,Hamila Mailee,Hamila Mailee,Hamila Mailee,Hamila Mailee,Hamila Mailee,Hamila Mailee
bodyparts,,,earr,earr,earl,earl,eyer,eyer,eyel,eyel,nose,nose,throat,throat,elbowr,elbowr,elbowl,elbowl,handr,handr,handl,handl,tailbase,tailbase,tailtip,tailtip,kneer,kneer,kneel,kneel,ankler,ankler,anklel,anklel
coords,,,x,y,x,y,x,y,x,y,x,y,x,y,x,y,x,y,x,y,x,y,x,y,x,y,x,y,x,y,x,y,x,y
labeled-data,00067,img02.png,,,43.890497307570456,69.38679613069854,,,20.811137642844926,83.73342511147388,13.325939913744719,95.58498818254915,52.62322799152065,108.68408420847445,94.41558197899656,166.69436660900072,81.94025243049629,159.20916887990057,81.94025243049629,206.61542116420162,61.355958675470845,196.01139104797642,153.6733973343729,67.5154966984235,233.5155064447747,86.22849102117394,128.09897175994735,136.12980921517504,146.81196608269772,142.9912404668502,142.44560074072263,204.74412173192658,169.89132574742325,209.1104870739017
labeled-data,00067,img04.png,,,44.51426378499542,75.00069442752368,,,20.187371165419904,89.97108988572401,12.702173436319754,104.31771886649935,54.49452742379572,115.5455154601496,98.78194732097165,164.1993006993007,77.57388708852119,174.1795643381009,88.17791720474645,207.23918764162664,56.98959333349575,195.3876245705514,152.42586437952286,71.8818620403986,232.26797348992466,88.09979045344897,129.34650471479733,140.49617455715014,150.55456494724785,147.3576058088253,136.83170244389754,206.61542116420162,176.75275699909844,207.86295411905166
