scorer,,,Hamila Mailee,Hamila Mailee,Hamila Mailee,Hamila Mailee,Hamila Mailee,Hamila Mailee,Hamila Mailee,Hamila Mailee,Hamila Mailee,Hamila Mailee,Hamila Mailee,Hamila Mailee,Hamila Mailee,Hamila Mailee,Hamila Mailee,Hamila Mailee,Hamila Mailee,Hamila Mailee,Hamila Mailee,Hamila Mailee,Hamila Mailee,Hamila Mailee,Hamila Mailee,Hamila Mailee,Hamila Mailee,Hamila Mailee,Hamila Mailee,Hamila Mailee,Hamila Mailee,Hamila Mailee,Hamila Mailee,Hamila Mailee
bodyparts,,,earr,earr,earl,earl,eyer,eyer,eyel,eyel,nose,nose,throat,throat,elbowr,elbowr,elbowl,elbowl,handr,handr,handl,handl,tailbase,tailbase,tailtip,tailtip,kneer,kneer,kneel,kneel,ankler,ankler,anklel,anklel
coords,,,x,y,x,y,x,y,x,y,x,y,x,y,x,y,x,y,x,y,x,y,x,y,x,y,x,y,x,y,x,y,x,y
labeled-data,00032,img00.png,158.31901606731844,132.01111352689068,,,178.38330362515623,119.47093380324205,,,190.92348334880487,124.06899970191321,172.11321376333197,137.8631973979267,130.73062067529148,197.63805408065184,130.73062067529148,204.74415592405273,108.99430915430051,218.12034762927794,135.32868657396264,230.2425213621383,62.59564417680059,128.2490596097961,60.70532973519991,128.0521543862387,81.33501992015115,194.3051978648321,56.738081622709274,182.40345352736023,99.58436123760805,222.07593465226648,52.37410869896959,223.66283389726274
labeled-data,00032,img03.png,161.08424103210746,128.17747713016732,,,179.5066843896157,119.40488505516336,,,190.03379487962047,133.0024027714195,172.04998112586236,138.26595801642188,150.78639283677717,190.07594689081571,118.81029472338778,194.8977394634697,162.46020643372884,226.87383757685907,117.54140194111042,230.68051592369113,66.62282003710578,117.92176870748301,65.98954854669142,117.28849721706868,77.38843537414971,190.11471861471864,59.02356215213362,167.9502164502165,87.52077922077927,225.5779220779221,53.95739022881884,210.37940630797777
