scorer,,,Hamila Mailee,Hamila Mailee,Hamila Mailee,Hamila Mailee,Hamila Mailee,Hamila Mailee,Hamila Mailee,Hamila Mailee,Hamila Mailee,Hamila Mailee,Hamila Mailee,Hamila Mailee,Hamila Mailee,Hamila Mailee,Hamila Mailee,Hamila Mailee,Hamila Mailee,Hamila Mailee,Hamila Mailee,Hamila Mailee,Hamila Mailee,Hamila Mailee,Hamila Mailee,Hamila Mailee,Hamila Mailee,Hamila Mailee,Hamila Mailee,Hamila Mailee,Hamila Mailee,Hamila Mailee,Hamila Mailee,Hamila Mailee
bodyparts,,,earr,earr,earl,earl,eyer,eyer,eyel,eyel,nose,nose,throat,throat,elbowr,elbowr,elbowl,elbowl,handr,handr,handl,handl,tailbase,tailbase,tailtip,tailtip,kneer,kneer,kneel,kneel,ankler,ankler,anklel,anklel
coords,,,x,y,x,y,x,y,x,y,x,y,x,y,x,y,x,y,x,y,x,y,x,y,x,y,x,y,x,y,x,y,x,y
labeled-data,00003,img02.png,,,162.40992068272755,106.08346900912497,,,155.38871395412616,124.80668695206198,140.02195240045765,126.86197995249152,165.97785920237558,138.80993705178707,184.10579411165162,183.3057772836464,191.1097689629628,185.77776840763858,179.16181186366725,195.6657329036073,191.1097689629628,197.31372698626876,232.72161955016458,123.97799030783398,244.25757812879476,147.8739045064251,226.12964321951875,180.42178763898883,232.72161955016458,179.5977905976581,221.18566097153436,195.66573290360733,230.2496284261724,198.9617210689302
labeled-data,00003,img15.png,,,150.77928468739498,110.56219057027434,,,143.9413624717892,129.25251129293008,130.91356390760055,133.97169586899247,154.6387258675889,142.73175566960356,181.2839077611143,185.0720447058905,168.87382304358192,182.88202975573773,178.7288903192694,198.21213440680714,163.76378815989213,197.847131915115,222.52918932232487,124.48163108499713,235.30427653154933,144.55676812806422,214.1341320134059,178.8670023471243,219.97417188047993,178.8670023471243,217.05415194694288,193.83210450650157,212.30911955494528,192.00709204804093
