scorer,,,Hamila Mailee,Hamila Mailee,Hamila Mailee,Hamila Mailee,Hamila Mailee,Hamila Mailee,Hamila Mailee,Hamila Mailee,Hamila Mailee,Hamila Mailee,Hamila Mailee,Hamila Mailee,Hamila Mailee,Hamila Mailee,Hamila Mailee,Hamila Mailee,Hamila Mailee,Hamila Mailee,Hamila Mailee,Hamila Mailee,Hamila Mailee,Hamila Mailee,Hamila Mailee,Hamila Mailee,Hamila Mailee,Hamila Mailee,Hamila Mailee,Hamila Mailee,Hamila Mailee,Hamila Mailee,Hamila Mailee,Hamila Mailee
bodyparts,,,earr,earr,earl,earl,eyer,eyer,eyel,eyel,nose,nose,throat,throat,elbowr,elbowr,elbowl,elbowl,handr,handr,handl,handl,tailbase,tailbase,tailtip,tailtip,kneer,kneer,kneel,kneel,ankler,ankler,anklel,anklel
coords,,,x,y,x,y,x,y,x,y,x,y,x,y,x,y,x,y,x,y,x,y,x,y,x,y,x,y,x,y,x,y,x,y
labeled-data,00082,img05.png,86.9303842498964,32.5845739626227,,,144.3169001729977,91.218622840574,,,176.12899052167342,189.77372627372625,125.60390585024726,130.51591091834993,117.49494164372209,195.3876245705514,140.57430130844762,194.76385809312637,90.67298311444648,218.4669842352769,141.19806778587264,225.32841548695205,33.91023366877022,140.49617455715014,13.949706391169741,162.32800126702563,83.18778538534633,198.50645695767645,,,61.355958675470845,201.0015228673765,76.95012061109617,233.43737969347723
labeled-data,00082,img12.png,88.80168368217142,26.970675665797614,,,144.3169001729977,86.85225749859896,,,176.12899052167336,192.89255866085134,128.09897175994735,120.53564727954969,138.07923539874753,186.6548938866012,119.36624107599715,186.6548938866012,127.47520528252232,214.72438537072682,116.24740868887204,223.45711605467702,32.662700713920174,138.6248751248751,15.197239346019785,154.84280353792548,96.91064788869664,207.86295411905166,62.60349163032083,198.50645695767645,88.17791720474645,229.69478082892715,42.64296435272041,202.24905582222652
