scorer,,,Hamila Mailee,Hamila Mailee,Hamila Mailee,Hamila Mailee,Hamila Mailee,Hamila Mailee,Hamila Mailee,Hamila Mailee,Hamila Mailee,Hamila Mailee,Hamila Mailee,Hamila Mailee,Hamila Mailee,Hamila Mailee,Hamila Mailee,Hamila Mailee,Hamila Mailee,Hamila Mailee,Hamila Mailee,Hamila Mailee,Hamila Mailee,Hamila Mailee,Hamila Mailee,Hamila Mailee,Hamila Mailee,Hamila Mailee,Hamila Mailee,Hamila Mailee,Hamila Mailee,Hamila Mailee,Hamila Mailee,Hamila Mailee
bodyparts,,,earr,earr,earl,earl,eyer,eyer,eyel,eyel,nose,nose,throat,throat,elbowr,elbowr,elbowl,elbowl,handr,handr,handl,handl,tailbase,tailbase,tailtip,tailtip,kneer,kneer,kneel,kneel,ankler,ankler,anklel,anklel
coords,,,x,y,x,y,x,y,x,y,x,y,x,y,x,y,x,y,x,y,x,y,x,y,x,y,x,y,x,y,x,y,x,y
labeled-data,00023,img10.png,32.426159554731015,107.15615337043911,60.92337662337667,107.15615337043911,36.22578849721711,147.68552875695735,45.72486085343232,146.4189857761287,37.4923314780458,162.25077303648735,72.95553494124925,164.1505875077304,94.4867656153371,187.58163265306126,108.41873840445271,186.31508967223255,109.68528138528143,214.8123067408782,75.48862090290663,236.34353741496602,179.34514533085968,109.68923933209649,198.97656153370446,20.397959183673493,135.64941249226968,186.9483611626469,178.71187384044532,178.71583178726038,121.08416821273966,217.97866419294994,192.64384662956098,213.5457637600495
labeled-data,00023,img12.png,32.426159554731015,102.72325293753869,60.92337662337667,98.9236239950526,35.59251700680275,141.35281385281388,46.99140383426101,141.35281385281388,36.22578849721711,155.91805813234387,67.88936301793447,156.55132962275823,87.52077922077922,189.48144712430434,120.45089672232535,180.61564625850343,72.95553494124925,229.3775510204082,94.4867656153371,233.1771799628943,179.97841682127398,115.38868274582563,202.1429189857762,29.8970315398887,141.3488559059988,188.21490414347562,185.04458874458874,176.182745825603,131.21651205936922,218.6119356833643,207.8423623995053,212.2792207792208
