scorer,,,Hamila Mailee,Hamila Mailee,Hamila Mailee,Hamila Mailee,Hamila Mailee,Hamila Mailee,Hamila Mailee,Hamila Mailee,Hamila Mailee,Hamila Mailee,Hamila Mailee,Hamila Mailee,Hamila Mailee,Hamila Mailee,Hamila Mailee,Hamila Mailee,Hamila Mailee,Hamila Mailee,Hamila Mailee,Hamila Mailee,Hamila Mailee,Hamila Mailee,Hamila Mailee,Hamila Mailee,Hamila Mailee,Hamila Mailee,Hamila Mailee,Hamila Mailee,Hamila Mailee,Hamila Mailee,Hamila Mailee,Hamila Mailee
bodyparts,,,earr,earr,earl,earl,eyer,eyer,eyel,eyel,nose,nose,throat,throat,elbowr,elbowr,elbowl,elbowl,handr,handr,handl,handl,tailbase,tailbase,tailtip,tailtip,kneer,kneer,kneel,kneel,ankler,ankler,anklel,anklel
coords,,,x,y,x,y,x,y,x,y,x,y,x,y,x,y,x,y,x,y,x,y,x,y,x,y,x,y,x,y,x,y,x,y
labeled-data,00045,img06.png,60.29010513296231,77.39239332096477,71.05572047000621,74.8593073593074,,,60.92337662337667,97.02380952380955,43.19177489177491,92.59090909090912,55.22393320964753,116.65522572665432,84.35442176870754,156.55132962275823,105.88565244279533,158.45114409400128,67.88936301793447,163.51731601731606,116.0179962894249,175.54947433518865,176.81205936920225,121.7213976499691,237.60612244897965,125.5210265924552,174.27897340754487,160.3509585652443,143.88194186765617,160.98423005565866,176.81205936920225,174.91620284477432,135.01614100185532,177.4492888064317
labeled-data,00045,img13.png,60.92337662337667,78.02566481137913,70.42244897959188,73.5927643784787,,,60.29010513296231,99.55689548546695,43.19177489177491,93.85745207173781,56.490476190476244,113.48886827458259,,,110.95182436611009,155.28478664192954,100.81948051948058,179.98237476808907,86.88750773036492,166.68367346938777,170.47934446505877,106.52288188002476,223.04087816944963,144.51917130488562,147.0482993197279,156.55132962275823,172.37915893630185,154.65151515151518,129.3166975881262,160.3509585652443,177.4453308596166,172.3831168831169
