scorer,,,Hamila Mailee,Hamila Mailee,Hamila Mailee,Hamila Mailee,Hamila Mailee,Hamila Mailee,Hamila Mailee,Hamila Mailee,Hamila Mailee,Hamila Mailee,Hamila Mailee,Hamila Mailee,Hamila Mailee,Hamila Mailee,Hamila Mailee,Hamila Mailee,Hamila Mailee,Hamila Mailee,Hamila Mailee,Hamila Mailee,Hamila Mailee,Hamila Mailee,Hamila Mailee,Hamila Mailee,Hamila Mailee,Hamila Mailee,Hamila Mailee,Hamila Mailee,Hamila Mailee,Hamila Mailee,Hamila Mailee,Hamila Mailee
bodyparts,,,earr,earr,earl,earl,eyer,eyer,eyel,eyel,nose,nose,throat,throat,elbowr,elbowr,elbowl,elbowl,handr,handr,handl,handl,tailbase,tailbase,tailtip,tailtip,kneer,kneer,kneel,kneel,ankler,ankler,anklel,anklel
coords,,,x,y,x,y,x,y,x,y,x,y,x,y,x,y,x,y,x,y,x,y,x,y,x,y,x,y,x,y,x,y,x,y
labeled-data,00041,img01.png,123.20542209800101,106.21584115739961,185.24957954846644,109.24238542327598,148.9310483579501,75.44597445432325,178.18764292808828,74.4371263656978,169.61243417477192,101.17160071427233,150.948744535201,110.75565755621415,146.40892813638646,203.0652576654432,151.95759262382643,201.0475614881923,146.40892813638646,215.67585877326138,140.86026364894644,209.62277024150865,68.72762531222648,145.0564925694796,68.22320126791374,132.4458914616614,90.41785921767374,205.58737788700685,,,89.91343517336102,214.1625866403232,84.86919473023374,207.60507406425776
labeled-data,00041,img15.png,126.27114930303375,108.83077853618539,184.35197497675628,108.83077853618539,147.8172620529631,76.04321565585815,177.79446240069083,73.7012468786919,168.4265872920259,99.9312971829537,149.69083707469608,112.10953482421812,149.2224433192628,202.97792337826797,,,145.0068995203636,212.3457984869329,,,69.1271111401777,144.42870394911213,68.65871738474445,130.84528504154798,92.07840515640677,204.85149840000093,,,89.26804262380728,213.75097975323263,,
